education,count,proportion
2,14030,0.4676666666666667
1,10585,0.35283333333333333
3,4917,0.1639
5,280,0.009333333333333334
4,123,0.0041
6,51,0.0017
0,14,0.00046666666666666666
