education,default_payment_next_month
0,0.0
1,0.19234766178554558
2,0.23734853884533144
3,0.2515761643278422
4,0.056910569105691054
5,0.06428571428571428
6,0.1568627450980392
