marriage,default_payment_next_month
0,0.09259259259259259
1,0.23471703638626545
2,0.20928338762214985
3,0.26006191950464397
