marriage,count,proportion
2,15964,0.5321333333333333
1,13659,0.4553
3,323,0.010766666666666667
0,54,0.0018
