sex,default_payment_next_month
1,0.2416722745625841
2,0.20776280918727916
