sex,count,proportion
2,18112,0.6037333333333333
1,11888,0.39626666666666666
